driver_id,name,phone,licence_number,rating
1,Lorraine Patel,9691812378,LIC100001,4.47
2,Dylan Herrera,7959243769,LIC100002,3.31
3,Sherry Contreras,7696718166,LIC100003,3.53
4,Natasha Mitchell,8308693035,LIC100004,3.1
5,Steven Jordan,7120443864,LIC100005,4.64
6,Steven Novak,7147002288,LIC100006,4.47
7,Michelle Roberts,7998646667,LIC100007,4.47
8,Shawn Jones,7797333220,LIC100008,4.55
9,Mr. Craig Rodriguez,9872714184,LIC100009,3.04
10,Janet Cox,7290824838,LIC100010,4.26
11,Holly Young,9601804677,LIC100011,4.22
12,Maria Steele,8731134463,LIC100012,4.26
13,Wesley Stewart,7571711405,LIC100013,4.19
14,Brenda Beard,9333770096,LIC100014,4.18
15,Amanda Vasquez,9985265543,LIC100015,4.43
16,Timothy Stevens,9955809632,LIC100016,3.82
17,Mark Brown,9741856774,LIC100017,4.37
18,Aaron Durham,7777123076,LIC100018,3.45
19,Frank Hernandez,8429115077,LIC100019,3.77
20,Rachel Faulkner,8419947796,LIC100020,4.67
21,Latoya Moore,9090056541,LIC100021,3.22
22,John Howe,8766599199,LIC100022,4.14
23,Brandon Washington,7679788504,LIC100023,3.58
24,Elizabeth Murray,9849613777,LIC100024,3.71
25,Amber Evans,7927554795,LIC100025,4.52
26,Joshua Lindsey,8929587597,LIC100026,4.93
27,Kathleen Williams,9907510814,LIC100027,3.68
28,Diane Pierce,7528434653,LIC100028,4.57
29,Jaclyn Campos,7493425100,LIC100029,3.96
30,Leslie Woods,8986031677,LIC100030,3.22
31,Sarah Lucas,8571613751,LIC100031,4.26
32,Jessica Moore,7675660899,LIC100032,4.55
33,Stephanie Graham,9362656513,LIC100033,3.18
34,Steven Fletcher,9212992733,LIC100034,3.81
35,David Duran,7361138514,LIC100035,3.07
36,Donna Lee,7525553470,LIC100036,3.37
37,Mary Phillips,7779514998,LIC100037,3.07
38,Dr. Randy Frank PhD,8168195008,LIC100038,3.47
39,Kimberly Harris,9863110346,LIC100039,4.01
40,Jennifer Turner,8239121566,LIC100040,3.86
41,Eric Estrada,9268172154,LIC100041,4.87
42,Becky Brewer,8445570497,LIC100042,3.96
43,Shannon Bradley,8478841177,LIC100043,4.21
44,Tonya Coleman,7960999572,LIC100044,4.43
45,Steve Jackson,8429601310,LIC100045,4.25
46,Sarah Nguyen,7939277931,LIC100046,4.36
47,Matthew White,9548041961,LIC100047,4.14
48,Juan Perry,7742633626,LIC100048,3.41
49,Joshua Thompson,7381011441,LIC100049,4.89
50,Robert Phillips,8370539990,LIC100050,4.75
51,Ricky Mitchell,7617716683,LIC100051,4.04
52,Antonio Ryan,9664284816,LIC100052,4.85
53,Kimberly Golden,8318221032,LIC100053,4.76
54,Mr. Joshua West V,9108949906,LIC100054,3.81
55,Jose Johnson,9754963589,LIC100055,4.2
56,Lydia Esparza,9085666037,LIC100056,3.38
57,Shelly Rogers,9441603574,LIC100057,4.73
58,Christine Kim,9304174435,LIC100058,4.07
59,Bruce Lee,8161556758,LIC100059,4.36
60,Ann Bryant,8236221598,LIC100060,3.47
61,Theresa Anderson,9293820527,LIC100061,3.39
62,Jay Morris,8312047810,LIC100062,3.13
63,Charles Smith,7916490751,LIC100063,3.62
64,Robert Tran,7900363392,LIC100064,3.33
65,Christine Wilson,8163615352,LIC100065,4.81
66,Haley Savage,7404834993,LIC100066,3.95
67,Christopher Frank,7278659730,LIC100067,3.58
68,Joshua Cook,7175146568,LIC100068,4.24
69,Mary Deleon,7658009184,LIC100069,4.45
70,Jesse Bowman,7423133876,LIC100070,3.36
71,Taylor Garza,7864934726,LIC100071,4.84
72,Carly Wilkerson,9436024151,LIC100072,4.77
73,Jesse Jordan,9605460198,LIC100073,4.55
74,David Farley,8318649791,LIC100074,3.31
75,Sherri Osborne,7210293121,LIC100075,3.88
76,Zachary Lucas,7243423057,LIC100076,4.67
77,Jasmine Williams,9300294167,LIC100077,4.31
78,Matthew Dean,8776512990,LIC100078,4.43
79,Terry Gray,9049621514,LIC100079,4.38
80,Stephanie Johnson,9606760681,LIC100080,3.41
81,Michelle Beltran,7192377900,LIC100081,3.14
82,Kevin Barnett,8635044657,LIC100082,4.05
83,Shelby Bennett,9765625048,LIC100083,3.1
84,Samantha Martin,8372585358,LIC100084,4.59
85,Mikayla Mccarthy,7709974963,LIC100085,4.94
86,Donna Garcia,9904374053,LIC100086,3.28
87,Peter Joyce,9392096688,LIC100087,4.23
88,Stephen Little,7393894355,LIC100088,4.8
89,David Smith,9750544789,LIC100089,4.25
90,Roy Chavez,7946030838,LIC100090,3.95
91,Nancy Guzman,7792656657,LIC100091,4.27
92,Kurt Henderson,7383739729,LIC100092,3.33
93,Larry Gallegos,9296897099,LIC100093,3.86
94,Tara Reynolds,9930832319,LIC100094,4.51
95,Brian Hudson,7112706037,LIC100095,3.76
96,Alicia Mitchell,8057129917,LIC100096,4.55
97,Christopher Kelly,7037195585,LIC100097,4.25
98,David Williams,9043515103,LIC100098,3.13
99,Robert Avila,8151008513,LIC100099,3.72
100,Katherine Steele,7468536338,LIC100100,3.63
101,Haley Holden MD,7203924727,LIC100101,4.7
102,Brent Prince,8974246836,LIC100102,3.28
103,Gregory Mason,7837263949,LIC100103,4.34
104,Jessica Davis,9287357762,LIC100104,3.77
105,Taylor Patterson,9491893496,LIC100105,3.46
106,Cynthia Baldwin,8044642476,LIC100106,3.14
107,Anthony Hogan,9283522058,LIC100107,3.42
108,Dana Williams,8647417988,LIC100108,4.3
109,Ryan Mcconnell,9917570829,LIC100109,3.83
110,Kerri Hampton,8830502910,LIC100110,3.54
111,Sherry Morales,7763381138,LIC100111,3.48
112,Gabrielle Jackson,8999075615,LIC100112,3.46
113,Sheila Orozco,7037209623,LIC100113,3.49
114,Nicole Schultz,8291195206,LIC100114,3.17
115,Gregory Mitchell,8853197467,LIC100115,4.73
116,Patricia Jones,8721997427,LIC100116,3.18
117,Mary Garcia,7586007375,LIC100117,3.51
118,Justin Williams,8709875027,LIC100118,4.11
119,Cynthia Torres,8729654112,LIC100119,3.9
120,Lindsey Barnes,9224513652,LIC100120,3.05
121,Dennis Sanchez,9827379643,LIC100121,3.58
122,Linda Underwood,8216667082,LIC100122,3.44
123,Danielle Spears,9517694606,LIC100123,3.04
124,Lauren Burns,7378488680,LIC100124,4.7
125,Taylor Lucas,8268944619,LIC100125,3.41
126,Mr. Brett Horton,9978161624,LIC100126,4.95
127,Johnny Mills,9185214217,LIC100127,4.14
128,Sally Hughes,7837589455,LIC100128,3.27
129,Michael Schwartz,7396166099,LIC100129,3.73
130,Eric Mann,9379950585,LIC100130,3.03
131,Crystal Cline,9003717404,LIC100131,3.62
132,Susan Silva,9740078691,LIC100132,4.3
133,Michael Griffith,7070051345,LIC100133,3.74
134,Eugene Young,9931503523,LIC100134,4.73
135,Lisa Oliver,9499244204,LIC100135,3.79
136,Morgan Smith,7009659854,LIC100136,3.29
137,Angela White,8396263194,LIC100137,3.06
138,Kenneth Atkinson,9665571410,LIC100138,4.73
139,Laura Jensen,7152076798,LIC100139,3.38
140,Jeremy Wilson,8477949143,LIC100140,3.16
141,Patrick Brooks,8386426775,LIC100141,4.12
142,Anne Young,9903235331,LIC100142,4.71
143,Nicole Miller,9844900569,LIC100143,4.86
144,Marissa Diaz,8515814693,LIC100144,3.56
145,Jaime Avila,8428726939,LIC100145,3.41
146,Mr. Todd Robbins,9683597674,LIC100146,3.43
147,Jacob Mccall,8226733851,LIC100147,3.65
148,Deanna Freeman,8417183497,LIC100148,3.28
149,Nicholas Mercer,8366037982,LIC100149,4.23
150,Amber Leon,8920885230,LIC100150,3.63
151,Jesus Ware,8677008415,LIC100151,4.86
152,Tyler Keith,9282631358,LIC100152,3.6
153,Angela Vance,8804240718,LIC100153,3.41
154,Angela Washington,7547930044,LIC100154,3.56
155,Steven Garza,9805475610,LIC100155,4.39
156,Nicholas Chen,7209164194,LIC100156,4.7
157,Kristen Garrett,8208873361,LIC100157,4.75
158,Alexander Cochran,8200245658,LIC100158,4.64
159,Thomas Duran,8881257876,LIC100159,3.21
160,David Kelley III,8525339163,LIC100160,3.28
161,Chris Brewer,8517725289,LIC100161,4.32
162,Mario Reed,9537212880,LIC100162,3.6
163,Heather Thomas,8552475161,LIC100163,3.11
164,Adam Wall,7293044452,LIC100164,4.7
165,Rachael Meza,7418197835,LIC100165,3.0
166,Matthew Carter,9964862345,LIC100166,3.54
167,Allison King,7764964771,LIC100167,3.68
168,Michael Gutierrez,9995868678,LIC100168,3.52
169,Brenda Vasquez,8955487104,LIC100169,4.91
170,Joseph Waters,9194684836,LIC100170,4.33
171,Cynthia Clark,7292448559,LIC100171,3.35
172,Tracy Vasquez,9786429017,LIC100172,3.76
173,Michael Duncan,9249517084,LIC100173,3.65
174,Jillian Stafford,9615568047,LIC100174,3.54
175,Jamie Petersen,8890228610,LIC100175,4.95
176,Jon Cannon,7132631352,LIC100176,4.86
177,Jesse Graham,7718423978,LIC100177,3.21
178,Curtis Smith,7125848129,LIC100178,3.14
179,Brooke Martinez,7992535637,LIC100179,3.76
180,Melanie Thompson,7492872194,LIC100180,4.44
181,Omar Beck,9666557623,LIC100181,4.58
182,Kendra Stafford,9565665347,LIC100182,3.85
183,Blake Gordon,9397923820,LIC100183,4.55
184,Donna Cortez,8958716271,LIC100184,3.95
185,Victoria Gonzales,7960645136,LIC100185,4.15
186,Andrew Ramirez,9102016832,LIC100186,3.98
187,Erin Foster,9077958623,LIC100187,3.67
188,Anthony Campbell,7300082722,LIC100188,4.49
189,David Arnold,7784155428,LIC100189,4.64
190,Erin Sandoval,7684912886,LIC100190,4.5
191,Lisa Hernandez,8933965431,LIC100191,4.38
192,Nicole Benson,8166208192,LIC100192,4.94
193,Jill Blankenship,9261026364,LIC100193,3.12
194,Lisa Webb,8470193461,LIC100194,3.72
195,Matthew Rogers,7209297254,LIC100195,4.46
196,Kristina Oliver,8964177305,LIC100196,3.48
197,Anna Curtis,7323072138,LIC100197,3.72
198,Jennifer Smith MD,7198496970,LIC100198,3.97
199,Damon Atkinson,9000816786,LIC100199,3.23
200,Philip Williams,8150276790,LIC100200,3.26
201,Adam Williams,9464171714,LIC100201,4.83
202,Nathan George,8878934375,LIC100202,3.03
203,Sarah Miller,9642050808,LIC100203,4.67
204,Veronica Miller,7654513995,LIC100204,3.22
205,Aaron Curry,9837848848,LIC100205,3.54
206,Paula Mills,7390735367,LIC100206,3.91
207,Randy Bond,9260805133,LIC100207,3.45
208,Jasmine Benson,9132050266,LIC100208,3.67
209,Danielle Gregory,8510108193,LIC100209,3.15
210,Brian Johnson,8222405428,LIC100210,3.8
211,Gregory Stone,7627274194,LIC100211,4.44
212,Kristin Robinson,7280175593,LIC100212,4.9
213,Howard Cruz,9150139446,LIC100213,4.97
214,Frank Sanders,7356566115,LIC100214,3.1
215,Adrian Malone,9409339147,LIC100215,4.6
216,Katherine Jones,9413750035,LIC100216,3.62
217,Suzanne Brown,7521381589,LIC100217,3.89
218,Mary Marks,9345851186,LIC100218,3.11
219,Heidi Roy,8327720740,LIC100219,3.81
220,John Garcia,7628254539,LIC100220,3.4
221,Mark Wells,7660868797,LIC100221,3.0
222,Shannon Gordon,8101965438,LIC100222,3.05
223,Michael Richardson,9299338360,LIC100223,4.36
224,Emily Kent,8978612089,LIC100224,4.18
225,Matthew Williams,7413307292,LIC100225,4.15
226,Ethan Sampson,7214700800,LIC100226,4.96
227,Danielle Mason,9002348356,LIC100227,3.91
228,Jared Harris,7734173067,LIC100228,3.72
229,Travis Rodriguez,8183457599,LIC100229,3.31
230,Elizabeth Santos,9039551256,LIC100230,3.7
231,Felicia Graham,9600863225,LIC100231,3.81
232,Crystal Johnson,8518422492,LIC100232,4.65
233,Kristin Price,8046260113,LIC100233,3.52
234,Sonya Tanner,8694873959,LIC100234,3.96
235,Justin Figueroa,8384697424,LIC100235,4.36
236,Margaret Adams,8318609245,LIC100236,3.54
237,Jeremy Peterson,9902997938,LIC100237,4.41
238,Anthony Hill,7196565946,LIC100238,3.17
239,Cynthia Mason,9940648686,LIC100239,3.24
240,Dr. John Calderon,8916949273,LIC100240,3.53
241,Dr. Jesse Smith,8181510813,LIC100241,4.98
242,Tim Wilson,8046080122,LIC100242,3.3
243,Curtis Graham,9119929101,LIC100243,4.52
244,Jennifer Wiley,9669047176,LIC100244,3.11
245,Michael Perez,9890466124,LIC100245,3.66
246,Melissa Blackwell,8412539040,LIC100246,3.43
247,Daniel Proctor,9388415171,LIC100247,3.05
248,Joseph Anderson,7436034238,LIC100248,4.53
249,Sandra Strickland,8283785135,LIC100249,3.94
250,Barbara Taylor,8575125875,LIC100250,4.02
251,Steven Miller,8470972395,LIC100251,3.26
252,Stacey Lozano,8129329941,LIC100252,4.55
253,Derek Collins,8909018184,LIC100253,3.46
254,John Jimenez,7046623547,LIC100254,4.04
255,Sean Jackson,8946219282,LIC100255,4.51
256,Anne Berry,8301226335,LIC100256,4.67
257,Tasha Tucker,8099693391,LIC100257,4.26
258,Alexis Sawyer,7817295516,LIC100258,3.01
259,James Flores,8866500074,LIC100259,4.82
260,Kathryn Novak,7817790835,LIC100260,4.6
261,Donna Berg,7343145080,LIC100261,4.95
262,Michelle Cox,9435281311,LIC100262,4.89
263,Kimberly Palmer,8678440106,LIC100263,3.19
264,Joshua Glover,9113544613,LIC100264,3.97
265,Jose Richard,9058451809,LIC100265,3.57
266,Mark Smith,9213644445,LIC100266,3.26
267,Jerry Flores,9678070259,LIC100267,3.62
268,Kerri Ross,7683330732,LIC100268,3.31
269,Ronnie Nguyen,7190429066,LIC100269,3.47
270,Chad Frederick,7337195109,LIC100270,4.69
271,Samuel Griffith,8158777870,LIC100271,4.7
272,Jasmine Thomas,8422988045,LIC100272,3.51
273,Leslie Hampton,9223297395,LIC100273,3.36
274,Samuel Noble,8246859054,LIC100274,4.38
275,April Haynes,8807914250,LIC100275,3.1
276,Paul May,7375259372,LIC100276,3.64
277,Angela Johnson,9993358632,LIC100277,3.56
278,James Nguyen,7261020917,LIC100278,3.83
279,Michelle Miller,7226350203,LIC100279,3.11
280,Elizabeth Campbell,8684563187,LIC100280,3.45
281,Stephanie Green,9776215819,LIC100281,3.52
282,Sandra Heath,8612449512,LIC100282,4.72
283,Andre Hodge,8800895644,LIC100283,3.19
284,Carrie Gonzales,8560585328,LIC100284,4.33
285,Sue Simpson,8471084974,LIC100285,4.4
286,Ronald Thomas,7834401373,LIC100286,3.54
287,Amanda Beasley,9103892911,LIC100287,4.44
288,Joy Thompson,7297533843,LIC100288,3.41
289,Kelly Smith,9238895250,LIC100289,4.81
290,Michelle Miranda,9314194189,LIC100290,3.17
291,Angel Farmer,7360952928,LIC100291,3.17
292,George Bailey,8423258998,LIC100292,3.49
293,Jose Glenn,7012004970,LIC100293,4.15
294,Katrina Mejia,9618201651,LIC100294,4.32
295,Erika Lee,7000846593,LIC100295,4.32
296,Ariel Nelson,9995237519,LIC100296,4.68
297,Jeffery Brown,8104309088,LIC100297,4.7
298,Joseph Taylor,7952100706,LIC100298,4.46
299,Ronnie Taylor,9884428989,LIC100299,3.53
300,Lisa Blair,7036159440,LIC100300,3.26
301,Gregory Garcia,7699035395,LIC100301,4.02
302,Amanda Warner,9434764336,LIC100302,3.48
303,Ashley Green,9900616287,LIC100303,4.73
304,Lori Sloan,8488334250,LIC100304,3.24
305,Kevin May,9489851138,LIC100305,4.41
306,Megan Anderson,7692580672,LIC100306,4.43
307,Timothy Archer,8627884837,LIC100307,4.35
308,Todd Miller,7120369741,LIC100308,4.19
309,Jonathan Brown,9401805330,LIC100309,3.87
310,Pamela Pham,7184327924,LIC100310,3.3
311,Kathleen Cross,9532252933,LIC100311,4.22
312,Patricia Valdez,9833090728,LIC100312,3.88
313,David Johnson,7179295926,LIC100313,4.36
314,Erica Powell,7997204810,LIC100314,4.79
315,Maria Ballard,9729294884,LIC100315,4.47
316,Rachel Sanchez,8275014886,LIC100316,4.39
317,Jimmy Henderson,9444962268,LIC100317,4.56
318,Lindsey Yoder,9605803829,LIC100318,3.49
319,Brandon Johnson,7723554854,LIC100319,4.8
320,Brandy West,9052876854,LIC100320,3.95
321,Caitlin Whitney,8185865799,LIC100321,4.79
322,Benjamin Mathis,7145944855,LIC100322,4.93
323,Megan Stafford,7355618540,LIC100323,4.15
324,Peter Gray,9002519924,LIC100324,4.29
325,Melinda Sawyer,8501513946,LIC100325,3.22
326,Joe Wang,9361692900,LIC100326,3.95
327,Reginald Hicks,8673344387,LIC100327,3.35
328,Darren Ryan,9168369995,LIC100328,4.34
329,Michael Armstrong,8846898214,LIC100329,3.81
330,Kathryn Blair,9933382816,LIC100330,4.8
331,Charles Thompson,8089137288,LIC100331,3.61
332,Sally Klein,7231385684,LIC100332,3.64
333,Suzanne Webster,8937006245,LIC100333,4.53
334,Bryan Cunningham,8759825863,LIC100334,3.23
335,Christopher Robinson,7858413360,LIC100335,3.78
336,James Cuevas,7199823152,LIC100336,3.49
337,Teresa Lewis,8892171645,LIC100337,3.77
338,Mrs. Suzanne Nguyen MD,7632517864,LIC100338,4.84
339,Timothy Frost,9012175947,LIC100339,4.68
340,Angela Barrett,7298621214,LIC100340,4.34
341,Dylan Duran,7838761804,LIC100341,4.56
342,Sherry Hutchinson,8149530925,LIC100342,4.07
343,Hannah Mitchell,7104676631,LIC100343,4.19
344,Corey Ellison,8835418588,LIC100344,4.82
345,Kelly Washington,8661345295,LIC100345,3.91
346,Ryan Rowe,7845915522,LIC100346,4.92
347,Karen Watkins,8876159141,LIC100347,3.94
348,Lisa Huff,7293775010,LIC100348,4.57
349,Tommy Benton,7130241177,LIC100349,4.34
350,Hailey Fletcher,9667960572,LIC100350,4.46
351,Calvin Chapman,9795368314,LIC100351,4.89
352,Tasha Richards,8630587910,LIC100352,4.86
353,Jonathon Mcguire,7791676474,LIC100353,3.95
354,Brenda Ward,7375311826,LIC100354,3.51
355,Christopher Johnson,9706849429,LIC100355,4.68
356,Darin Hayden,8960035711,LIC100356,4.71
357,Kevin Lee,9652996497,LIC100357,3.33
358,Tonya Love,7205034848,LIC100358,3.44
359,Allison Smith,7763954524,LIC100359,5.0
360,Audrey Avery,8207233758,LIC100360,3.22
361,Emily Brown,8470544034,LIC100361,3.13
362,Brianna Perez,8732402893,LIC100362,3.69
363,Dennis Green,8831615520,LIC100363,3.54
364,Frances White,9240603492,LIC100364,3.84
365,Jonathan Wells,8967230427,LIC100365,4.7
366,Jacqueline Bartlett,9803845477,LIC100366,4.25
367,Juan Bradley,9943894658,LIC100367,3.19
368,Anne Rasmussen,8010910552,LIC100368,4.27
369,Martha Lopez,7452672746,LIC100369,4.24
370,Terry Cook,9305709269,LIC100370,3.04
371,John Moore,8443439434,LIC100371,4.45
372,Tammie Love,7986554010,LIC100372,3.14
373,Amber Holmes,7121936334,LIC100373,4.97
374,Stephanie Garcia,8513939928,LIC100374,4.88
375,Glenn Horn DVM,7368828060,LIC100375,4.94
376,Jacob Strickland,7424669492,LIC100376,3.5
377,Kathy Miller,8250864088,LIC100377,4.83
378,Randall Patterson,8294500488,LIC100378,4.57
379,Annette Clark,7075932383,LIC100379,4.29
380,Ashley Gibbs,8702308440,LIC100380,3.53
381,Jordan Wood,9102188990,LIC100381,3.7
382,Regina Jennings,7259904360,LIC100382,3.7
383,Anthony Harper,8553516765,LIC100383,3.16
384,Megan Collins,9192699622,LIC100384,3.42
385,Terri Foster,8358971579,LIC100385,4.89
386,Matthew Hill,8754093576,LIC100386,3.81
387,Matthew Rice,9209508056,LIC100387,4.34
388,Mark Armstrong,8509610685,LIC100388,4.38
389,Karen Potter,8455568492,LIC100389,4.82
390,Katelyn Moran DVM,9028136685,LIC100390,4.69
391,Megan Frost,9383992514,LIC100391,3.37
392,Melissa Wall,9245616308,LIC100392,3.06
393,Mr. Jeffrey Robles,9652109944,LIC100393,3.66
394,Tonya Lewis,9719435983,LIC100394,4.13
395,Joe Adams,8878560513,LIC100395,3.47
396,Nicole Macdonald,8970637257,LIC100396,4.03
397,Sheila James,8162348828,LIC100397,3.77
398,Anne Holt,9040998559,LIC100398,4.07
399,John Edwards,8120531059,LIC100399,4.42
400,Angela Fitzgerald,9328195859,LIC100400,4.25
401,Kevin Miller,7947317811,LIC100401,4.79
402,Shannon Burns,9389923881,LIC100402,4.3
403,Christopher Michael,7433485840,LIC100403,4.0
404,Tiffany King,8921598975,LIC100404,3.36
405,Timothy Frazier,9175928377,LIC100405,4.73
406,Cheryl Wood,9303835356,LIC100406,4.58
407,Heather Porter,7942308166,LIC100407,3.11
408,Richard Wilson,8021445864,LIC100408,3.39
409,Kevin Campbell,7014397948,LIC100409,4.49
410,Jason Michael,7850617241,LIC100410,4.75
411,Kelli Beck,7928042924,LIC100411,3.54
412,Alyssa Garcia,7175632983,LIC100412,4.66
413,Elizabeth Parsons,7749328863,LIC100413,4.84
414,Edward Foster,9701279308,LIC100414,4.17
415,April Hale,9978537305,LIC100415,3.42
416,Sarah Daniels,7012216381,LIC100416,3.39
417,Christine Valdez,7260012904,LIC100417,3.08
418,Lynn Dickson,8480998136,LIC100418,4.34
419,Shelby Richardson,8971239320,LIC100419,3.9
420,Kaitlyn Oliver,7087963585,LIC100420,4.03
421,Robert Ramirez,8825335927,LIC100421,3.98
422,Marc Keller MD,7876385595,LIC100422,3.73
423,Drew Nunez,8966927413,LIC100423,4.9
424,Kathryn Spencer,9677514248,LIC100424,4.8
425,Christine Smith,7975659181,LIC100425,4.87
426,Megan Robinson,9449263930,LIC100426,4.64
427,Holly Vaughn,7912094797,LIC100427,3.07
428,Rebecca Jones,9470906681,LIC100428,3.67
429,Lisa Mclean,7693205715,LIC100429,4.31
430,Cynthia Brown,9737548483,LIC100430,3.62
431,Andre Noble,8572132294,LIC100431,4.56
432,Sharon Fry,9686451358,LIC100432,3.91
433,Luis Spencer,8692953044,LIC100433,4.69
434,Mark Brown,9678475490,LIC100434,3.52
435,Kristina Gallagher,8678722529,LIC100435,3.39
436,Kevin Knox,8400921071,LIC100436,4.52
437,Amanda Blanchard,9174987005,LIC100437,3.44
438,Virginia Galvan,9098018263,LIC100438,3.8
439,Michael Houston,8941138070,LIC100439,3.71
440,Joseph Schultz,7640790277,LIC100440,4.14
441,Richard Garcia,8452844376,LIC100441,4.18
442,Chad Bates,9604732307,LIC100442,4.72
443,Lori Hernandez,8629325942,LIC100443,3.17
444,Heather Jimenez,7461818561,LIC100444,4.71
445,Megan Brock,7397380605,LIC100445,3.25
446,Lori Cantrell,7500677084,LIC100446,4.7
447,Kristen York,9111662062,LIC100447,4.72
448,Jeremy Rogers,7992716474,LIC100448,3.92
449,Sarah Mitchell,9722608242,LIC100449,3.73
450,Michael Moss,7475018077,LIC100450,3.18
451,Steven Bishop,9099583013,LIC100451,4.24
452,Brandon Smith,9742219296,LIC100452,4.56
453,Tina Adams PhD,7423853314,LIC100453,4.59
454,Tracy Payne,9595763320,LIC100454,3.66
455,Rebecca Silva,9742220860,LIC100455,4.61
456,Susan Farrell,9871754242,LIC100456,4.32
457,Daniel Phillips,7933094730,LIC100457,3.91
458,Anthony Carter,7654769153,LIC100458,3.82
459,Jose Harmon,7815177307,LIC100459,3.04
460,Heather Terrell,9569419724,LIC100460,3.14
461,Kayla Bird,7266394461,LIC100461,3.26
462,James Howell,8351447771,LIC100462,4.04
463,Katrina Krueger,9149174289,LIC100463,4.02
464,Robert Crawford,7737804538,LIC100464,3.87
465,Ryan Chambers,7934266156,LIC100465,4.19
466,John Johnson,9502121517,LIC100466,4.49
467,Mr. Jeffrey Miller Jr.,8597630555,LIC100467,4.25
468,Ann Conrad,9955379985,LIC100468,4.69
469,Andre Gutierrez,9852981403,LIC100469,3.79
470,Dr. James Orozco MD,8872636100,LIC100470,3.88
471,Meghan Parker,8693250261,LIC100471,3.25
472,Joan Harrington,9635154445,LIC100472,3.99
473,Eric Best,7227522097,LIC100473,3.74
474,Karen Marshall,8631636363,LIC100474,3.06
475,Donna Rivera,9230243801,LIC100475,3.67
476,Paul Gomez,9145455827,LIC100476,4.87
477,Todd Griffith,9421313275,LIC100477,4.59
478,John Page,7961686004,LIC100478,4.54
479,Beth Raymond,8181052200,LIC100479,4.22
480,Brian Marshall,7044371425,LIC100480,3.33
481,Barry Douglas,9328906962,LIC100481,4.79
482,William Wright,7553030379,LIC100482,3.95
483,Kim Moore,9219796793,LIC100483,4.55
484,Ashley Orr,7654410610,LIC100484,3.78
485,Ronnie Lin,8447933216,LIC100485,4.61
486,Paul Eaton,8307002116,LIC100486,3.76
487,Matthew Maldonado,8572976822,LIC100487,3.67
488,Ryan Hartman,8848308928,LIC100488,4.23
489,Craig Hudson,7031455195,LIC100489,3.43
490,David Cooper,8083090455,LIC100490,4.32
491,Bailey Ayala,9347718917,LIC100491,3.79
492,Christine Floyd,9119732460,LIC100492,4.09
493,David Ritter,8393214287,LIC100493,4.4
494,Dr. Edward Fitzgerald,9823196945,LIC100494,4.32
495,Alexa Warren,9815804153,LIC100495,4.15
496,Jennifer Perry,9295325850,LIC100496,3.43
497,James Walker,7527056727,LIC100497,4.0
498,Keith Odom,7972972828,LIC100498,3.98
499,Alexandra Anderson,8071838968,LIC100499,4.14
500,Alexandra Turner,7120556441,LIC100500,3.36
501,Aaron Burton,7524717964,LIC100501,3.41
502,John Smith,9854006704,LIC100502,3.4
503,Mr. Ian Brock,9136299844,LIC100503,3.36
504,Daniel Walker,8247174778,LIC100504,4.16
505,Todd Juarez,7695694729,LIC100505,3.06
506,Adam Obrien,9450265663,LIC100506,3.34
507,David Greene,7286712032,LIC100507,3.89
508,Mrs. Kathleen Johnson MD,7697351896,LIC100508,3.44
509,Michael Wong,8174155086,LIC100509,4.03
510,Ashley Little,8836505357,LIC100510,4.7
511,Angela Patel,9447245635,LIC100511,3.93
512,Stephanie Watson,9546189099,LIC100512,3.75
513,Austin Martin,9814629192,LIC100513,4.91
514,Andrea Gray,8927739230,LIC100514,3.74
515,Charles Williams,9895321894,LIC100515,4.82
516,Nicholas Leonard,7753455193,LIC100516,3.77
517,Kathryn Ramirez,8573710259,LIC100517,4.01
518,Tracy Rodriguez,9583439587,LIC100518,4.79
519,Troy Carter,8638796839,LIC100519,3.84
520,Kimberly Herrera,8877958996,LIC100520,4.03
521,James Brown,7757852712,LIC100521,4.8
522,Heather Nguyen,8473924912,LIC100522,4.25
523,Nicholas Thomas,8318224123,LIC100523,3.84
524,John Calderon,8737228788,LIC100524,3.58
525,Sandra Ruiz,8363543575,LIC100525,4.46
526,Laura Price,7100687232,LIC100526,3.1
527,Timothy Thompson,7517365102,LIC100527,4.74
528,Erin Vasquez,8569763553,LIC100528,4.2
529,Michael Jones,7871514988,LIC100529,4.66
530,Kurt Ballard,7698341156,LIC100530,4.17
531,Mitchell Vazquez,8056036012,LIC100531,3.58
532,Susan Vargas,7331287568,LIC100532,4.03
533,Steven Wilson,9623709780,LIC100533,3.25
534,Mark Harper,8810512288,LIC100534,4.3
535,Laura Mccarthy,8646684163,LIC100535,3.61
536,Jordan Ruiz,8607037380,LIC100536,3.09
537,John Scott,9952200232,LIC100537,4.05
538,Tim Cabrera,7920739588,LIC100538,3.03
539,Carol Stout,8739319720,LIC100539,4.72
540,Sara Tran,9558339404,LIC100540,4.2
541,Cassandra Hanson,7338644573,LIC100541,4.39
542,Pamela Jackson,7121375489,LIC100542,4.65
543,Carl Fritz,7679417589,LIC100543,4.35
544,Courtney Luna,9945316369,LIC100544,4.35
545,Rodney King,7786254755,LIC100545,4.89
546,Philip Wilson,7635498900,LIC100546,4.82
547,Tracy Long,7443900548,LIC100547,4.2
548,Jennifer Gonzales,9556135072,LIC100548,4.23
549,Austin Bowman,9331059410,LIC100549,3.42
550,Christopher Reyes,9328665213,LIC100550,3.89
551,Jonathan Harrison,9722827945,LIC100551,3.35
552,Robert Henderson,9669621938,LIC100552,3.15
553,Lacey Curtis,8286750710,LIC100553,4.79
554,Yolanda Waters,9230073342,LIC100554,3.46
555,Susan Becker,8192405460,LIC100555,4.77
556,Shannon Sanchez,9544213584,LIC100556,3.94
557,Daniel Miller,7357319746,LIC100557,4.77
558,Monica Lewis,7449298541,LIC100558,4.07
559,Christopher Haley,8789280658,LIC100559,4.56
560,Kimberly Hanna,9699942902,LIC100560,3.43
561,Colleen Dixon,7812904971,LIC100561,4.09
562,John Taylor,9188768041,LIC100562,4.48
563,Donna Valdez,8881401218,LIC100563,4.68
564,Randy Riley,7027282391,LIC100564,3.28
565,April Hicks,7441522466,LIC100565,4.78
566,Sandra Schultz,7914944584,LIC100566,3.24
567,Julie Price,9968332168,LIC100567,4.43
568,Lauren Johnson MD,8962313197,LIC100568,3.45
569,Destiny Harris,9322868071,LIC100569,3.41
570,William Lawrence,9216116473,LIC100570,4.94
571,Matthew Johnson,7990694004,LIC100571,4.13
572,Charles Ramos,8630601554,LIC100572,3.51
573,Adrian Williams,8299815150,LIC100573,3.36
574,Ryan Williams,8493727653,LIC100574,3.98
575,Kimberly Nicholson,8137252999,LIC100575,3.44
576,Bryan Cardenas,9186759584,LIC100576,4.35
577,Maria Glenn,9992776541,LIC100577,3.08
578,Andrew Salinas,7609484511,LIC100578,4.78
579,Courtney Rocha,9180202462,LIC100579,4.98
580,Mrs. Emily Rojas DDS,8508292438,LIC100580,4.64
581,Terri Collins,9184647928,LIC100581,3.81
582,Linda Williams,9188242932,LIC100582,4.26
583,Andrew Martinez,7910871140,LIC100583,4.38
584,John Williams,9099579995,LIC100584,3.27
585,Carol French,7545856728,LIC100585,4.85
586,Nancy Blake,8509629873,LIC100586,4.34
587,April Martin,7815342481,LIC100587,3.35
588,Peter Farmer,9944676959,LIC100588,4.79
589,Melanie Solomon,7411236679,LIC100589,3.83
590,Michael Booth,8732423716,LIC100590,4.18
591,Crystal Foster,8712861199,LIC100591,3.83
592,Justin Adams,9101716322,LIC100592,3.66
593,Christine Keller,9927471732,LIC100593,3.72
594,Bianca Collins,7078992048,LIC100594,3.0
595,Crystal Garcia,8853536263,LIC100595,3.09
596,Bonnie Morrison,9528991047,LIC100596,4.1
597,Shannon Norris,8358182287,LIC100597,3.89
598,Barbara Williams,7388184701,LIC100598,4.35
599,Jeffrey Cowan,8432083817,LIC100599,4.29
600,Edward Rose,9033857107,LIC100600,4.94
601,Michelle Smith,8316369611,LIC100601,4.91
602,John Perry,7757171735,LIC100602,4.84
603,David Flynn,8731539296,LIC100603,4.36
604,Monique Hurley,7759291439,LIC100604,3.21
605,Angela Elliott,9778493485,LIC100605,4.69
606,Tracey Neal,8535649879,LIC100606,4.82
607,William Lewis,7664596518,LIC100607,3.15
608,Michael Chavez,9418287448,LIC100608,4.82
609,Alyssa Jones,7717587024,LIC100609,4.47
610,Andrew Chambers,9874149162,LIC100610,3.99
611,Joseph Cobb,7225088035,LIC100611,3.79
612,Lucas Wright,7788642956,LIC100612,4.85
613,David Wood,7889489857,LIC100613,3.72
614,Deborah Lopez,7717084962,LIC100614,3.01
615,Daniel Lucero,9288557009,LIC100615,4.46
616,Anthony Davis,8667608656,LIC100616,4.76
617,Michael Huber,7146725752,LIC100617,4.53
618,Elizabeth Barry,9027602877,LIC100618,4.97
619,James Cook,7786545344,LIC100619,3.73
620,Lindsay Russell,8059486845,LIC100620,3.57
621,Richard Pittman,7104730569,LIC100621,3.65
622,Pamela Rubio,9518711059,LIC100622,4.97
623,Kathryn Liu,8594317758,LIC100623,4.7
624,Danielle Smith,7641001516,LIC100624,4.62
625,Lisa Lopez,8417130709,LIC100625,3.6
626,Nichole Bruce,9159860705,LIC100626,3.23
627,Elizabeth Payne,9673442772,LIC100627,3.56
628,Christopher Holland,8539691758,LIC100628,4.71
629,Mark Smith,8683425081,LIC100629,4.71
630,Justin Douglas,7061595757,LIC100630,3.14
631,Jennifer Roach,8796771397,LIC100631,4.19
632,Dr. Sarah Molina,7582570283,LIC100632,4.03
633,Christopher Soto,8382327519,LIC100633,4.29
634,Ryan Krueger,8722758687,LIC100634,4.78
635,Jennifer Cruz,7444970366,LIC100635,3.03
636,Carolyn Holland,7398354572,LIC100636,3.77
637,Andrew Munoz,7731637095,LIC100637,3.62
638,John Craig,9379835823,LIC100638,3.29
639,Katherine Martinez,7900641460,LIC100639,4.67
640,Brian Berry,8828997725,LIC100640,4.51
641,Eric Fuller,9888660805,LIC100641,3.31
642,Alexandra Jones,7580899253,LIC100642,4.59
643,Anna Valdez,9599187741,LIC100643,4.23
644,Kathryn Roy,7425678481,LIC100644,4.19
645,Devin Nichols,9776844154,LIC100645,4.43
646,Shelby Page,8599574260,LIC100646,4.09
647,Laura Berg,7314359029,LIC100647,4.84
648,Mark Thompson,9177938974,LIC100648,4.25
649,Cody Ferguson,7254110338,LIC100649,3.23
650,Kristen Garcia,9632202843,LIC100650,3.78
651,Amber Robinson,8371190768,LIC100651,3.98
652,Amanda Wilson,7317390740,LIC100652,4.0
653,Aaron Chase,8799226780,LIC100653,4.97
654,Jeremy King,7570917519,LIC100654,4.96
655,Karina David,8562155343,LIC100655,4.42
656,John Manning,8659662089,LIC100656,3.23
657,Brittany Blair,9037499786,LIC100657,4.12
658,Lori Riley,8062440563,LIC100658,4.67
659,Adrian Johnson,9828872675,LIC100659,3.73
660,Christopher Moore,7035710131,LIC100660,3.59
661,Lisa Brooks,9900201048,LIC100661,4.71
662,Wayne Smith,7650448323,LIC100662,3.87
663,Ivan Cole,7314573293,LIC100663,3.15
664,Anne Horn,9087237972,LIC100664,3.02
665,Jared Curtis,9950378707,LIC100665,4.82
666,Virginia Robinson,9888912493,LIC100666,4.7
667,Jeffrey Mcdowell,9769257405,LIC100667,4.31
668,Tasha Nguyen,7778870742,LIC100668,3.06
669,Michelle James,7417741237,LIC100669,4.68
670,Leonard Schwartz,7631250113,LIC100670,4.85
671,Darlene Perez,7926354761,LIC100671,3.99
672,Jacob Harris,9574449675,LIC100672,3.38
673,Chad Bennett,9788542109,LIC100673,3.79
674,Roger Morgan,9384115440,LIC100674,4.4
675,Ms. Katrina Jones,7826450152,LIC100675,4.99
676,Juan Gonzales,9860204869,LIC100676,4.31
677,Sara Coleman,9652991971,LIC100677,3.34
678,Erika Gomez,8668814105,LIC100678,4.16
679,Charles Johnson,8358643985,LIC100679,4.02
680,Michael Fischer MD,7083953105,LIC100680,3.16
681,Desiree Cherry,8385525370,LIC100681,3.89
682,Joseph Munoz,8719289442,LIC100682,3.52
683,Carrie Lee,7167986462,LIC100683,4.21
684,Miss Debbie Ramirez,7630534350,LIC100684,4.26
685,Travis Love,7372560524,LIC100685,4.05
686,Bonnie Payne,8991440976,LIC100686,3.26
687,Ray Mitchell,9826892607,LIC100687,4.38
688,Christopher Shaw,8823063389,LIC100688,3.75
689,Amanda Tucker,9448260312,LIC100689,4.17
690,Mikayla Mccall,8049953467,LIC100690,3.01
691,Timothy Madden,7416740337,LIC100691,3.88
692,Samantha Stephens,8627776007,LIC100692,3.33
693,Katherine Johnson,8184314127,LIC100693,3.94
694,Charles Bryant,9392982647,LIC100694,4.78
695,Michael Ross,7334357654,LIC100695,3.34
696,Kelly Thompson,9280471610,LIC100696,4.86
697,Bryan Jones,8520779680,LIC100697,3.53
698,Micheal Wright,7680993432,LIC100698,3.7
699,Frank Walker,7864703033,LIC100699,3.33
700,William Montoya,9964219452,LIC100700,3.33
701,Emily Nelson,7838958695,LIC100701,3.25
702,Dominique Ray,7523215618,LIC100702,3.38
703,Destiny Brown,8605898569,LIC100703,3.35
704,Mr. Jason Powell,7839043578,LIC100704,3.63
705,Catherine Carey,9368925546,LIC100705,3.91
706,Jason White,7416438490,LIC100706,3.67
707,Jane Valenzuela,8825279615,LIC100707,4.5
708,Jeffery White,7496784989,LIC100708,3.38
709,Charles Patton,7138748137,LIC100709,4.66
710,April Wilson,7387667216,LIC100710,3.4
711,Heather Rice,9898960746,LIC100711,3.07
712,Amanda Davis,7025069782,LIC100712,4.95
713,Elizabeth Schmidt,8526465812,LIC100713,3.33
714,Billy Lopez,8807209499,LIC100714,4.31
715,Christina Hull,9050393920,LIC100715,3.51
716,Shelby Adams,7269158043,LIC100716,4.23
717,Karen Greer,8410615566,LIC100717,4.07
718,Monica Briggs,8118065352,LIC100718,4.87
719,Tina Young,9657075955,LIC100719,4.35
720,Kristine Beard,8305909309,LIC100720,3.26
721,Zachary Luna,8194262534,LIC100721,3.58
722,Justin Weber,7429445858,LIC100722,3.83
723,Carolyn Davis,8334732600,LIC100723,4.68
724,Mark Rogers,9320215968,LIC100724,3.3
725,Cassandra Willis,8915485454,LIC100725,4.99
726,Becky Beltran,8148805273,LIC100726,4.16
727,Dr. William Thompson,9051828375,LIC100727,3.65
728,Pamela Bullock,9884311513,LIC100728,4.65
729,Kayla Rivera,9487596556,LIC100729,3.59
730,Michael Zamora,7266178929,LIC100730,4.35
731,Susan Pitts,9245099725,LIC100731,3.29
732,Jacqueline Clay,8011100303,LIC100732,3.57
733,Elizabeth Estes,8514425798,LIC100733,3.45
734,Victoria Sanchez,9473324667,LIC100734,4.75
735,Michael King,8146917680,LIC100735,4.36
736,Heather House,9210959079,LIC100736,3.34
737,Aaron Anderson,8317919264,LIC100737,4.02
738,Megan Contreras,8603260811,LIC100738,4.08
739,Brenda Diaz,8856289275,LIC100739,4.8
740,Anita Watts,9987071656,LIC100740,3.96
741,John West,9611964858,LIC100741,4.69
742,Melissa Flores,8016918782,LIC100742,4.6
743,Kimberly Mcknight,7760841802,LIC100743,3.35
744,Margaret Wood,9713982247,LIC100744,3.41
745,Mia Miller,8941448251,LIC100745,4.11
746,Jessica Price,7523020862,LIC100746,3.83
747,Thomas Mccall,9132398670,LIC100747,4.25
748,Jeffrey Boyd,8592778309,LIC100748,4.42
749,Stephen Harvey,7730029869,LIC100749,4.53
750,Jamie Davis,7040173716,LIC100750,3.37
751,Christopher Dawson,9848840185,LIC100751,4.9
752,Kari Ross,9363988899,LIC100752,3.11
753,Elizabeth Rivera,8559424134,LIC100753,3.12
754,Ashley Conner,7959164443,LIC100754,3.59
755,Jean Campbell,8599832613,LIC100755,4.57
756,Jeffrey Flores,7646310520,LIC100756,3.08
757,Mary Schneider,7118746296,LIC100757,4.76
758,Kevin Peck MD,9636632429,LIC100758,4.31
759,Meagan Martin,9636127125,LIC100759,3.37
760,Grant Jacobs,9815579613,LIC100760,4.24
761,Deborah Chandler,8430126728,LIC100761,3.58
762,Pamela Summers,8105709379,LIC100762,4.15
763,Cynthia Marquez,8073504269,LIC100763,3.96
764,Amanda Jarvis,8077709043,LIC100764,3.05
765,Ashley Everett,9232002014,LIC100765,4.62
766,Christine Mckee,8028903966,LIC100766,3.5
767,Sheryl Powell,7379655516,LIC100767,3.52
768,Dalton Sanchez,7921138692,LIC100768,3.92
769,Ryan Petersen,9112999801,LIC100769,3.6
770,Michelle Morrison,8848860809,LIC100770,3.26
771,Emily Andrews,7708459279,LIC100771,4.14
772,Rebecca Sims,7293010981,LIC100772,4.36
773,Steven Ho,8557634648,LIC100773,5.0
774,Russell Fitzgerald,9912272419,LIC100774,3.69
775,Andrew Cummings,9514269040,LIC100775,3.26
776,Michael Patel,8616525115,LIC100776,4.36
777,Linda Turner,9981365009,LIC100777,4.32
778,Jesse Torres,9961786222,LIC100778,3.62
779,Amanda Novak,7705990085,LIC100779,4.33
780,Mario Ballard,8597107844,LIC100780,3.2
781,Michael Miles,8233452474,LIC100781,3.04
782,Kelly Becker,8851670592,LIC100782,3.49
783,Jerry Brown,9887229689,LIC100783,4.47
784,James Doyle,7600968947,LIC100784,4.23
785,George Rosario,7224122312,LIC100785,3.58
786,Justin Gonzalez,9698491400,LIC100786,3.28
787,Miranda Beck,8444398079,LIC100787,3.89
788,Cindy Mcmahon,7456043335,LIC100788,4.17
789,Andrew Blanchard,9858152616,LIC100789,4.74
790,Samuel Mendez,7560794255,LIC100790,3.49
791,Lauren Ritter,9252014515,LIC100791,3.36
792,Amber Adams,7453765719,LIC100792,3.53
793,Kevin Thompson,9217035185,LIC100793,4.54
794,Robert Turner,9118451742,LIC100794,4.64
795,Cheryl Brennan,7754025367,LIC100795,4.27
796,Rachel Cooper,7798648625,LIC100796,3.82
797,Angela Ford,7330072528,LIC100797,3.39
798,Michael Taylor,7789433288,LIC100798,3.92
799,Henry Ortiz,8034243933,LIC100799,4.01
800,Dr. Cory Contreras MD,9764400583,LIC100800,4.75
801,Sherri Lee,9980551113,LIC100801,4.69
802,Ryan Brewer,8281144473,LIC100802,5.0
803,Amber Mcneil,9637783031,LIC100803,4.73
804,Matthew Ross,8507020274,LIC100804,4.35
805,Ana Martin,8611469334,LIC100805,3.7
806,Jonathan Bell,8281476216,LIC100806,4.13
807,Thomas Morton,9575423454,LIC100807,4.28
808,Tammy Romero,7512457393,LIC100808,4.32
809,Matthew Maldonado,7638590014,LIC100809,4.55
810,Caroline Wood,7857243740,LIC100810,4.6
811,Dr. Heidi Collins,8564803883,LIC100811,4.76
812,Brittany Reeves,7808442781,LIC100812,4.43
813,Robert Flores,9485113906,LIC100813,4.32
814,Melissa Martin,9941248244,LIC100814,4.38
815,Terry Kelley,7113343373,LIC100815,3.3
816,Victor Kelley,7117623608,LIC100816,3.58
817,Anthony Adams,8942908500,LIC100817,4.82
818,Francisco Williams,9343823942,LIC100818,3.16
819,Julie Alexander,8302576627,LIC100819,4.23
820,Samantha Simon,8096897986,LIC100820,3.96
821,Amanda Wood,7872189748,LIC100821,4.61
822,James Armstrong,7725648960,LIC100822,3.77
823,Mrs. Pamela Smith,9966934428,LIC100823,3.35
824,Mia Reynolds,9878841112,LIC100824,3.85
825,Katherine Henry,8595834935,LIC100825,4.61
826,Alison Schwartz,8668373702,LIC100826,3.78
827,Joseph Drake,7604939946,LIC100827,3.79
828,David Clark,7124335998,LIC100828,3.4
829,Cole Mcdonald,8394122115,LIC100829,3.89
830,Danielle Craig,8254966911,LIC100830,3.44
831,Laura Smith,9986253663,LIC100831,4.71
832,Jessica Nguyen,9586524153,LIC100832,3.19
833,Joseph Green,7610406634,LIC100833,3.65
834,Kristen Andrews,8292145947,LIC100834,4.76
835,Martin Young,7433121399,LIC100835,4.21
836,Richard Mason,9919464652,LIC100836,3.59
837,Nicole Mcdonald,9411000912,LIC100837,4.3
838,Veronica Carrillo,9019004401,LIC100838,3.07
839,Diane Henry,9430006230,LIC100839,3.73
840,Kathleen Martinez,7046488692,LIC100840,3.26
841,Nicole Lane,8817444531,LIC100841,3.53
842,Jacob Cole,8112380617,LIC100842,3.41
843,Michael Reid,8482348867,LIC100843,4.57
844,Virginia Morales,7271180054,LIC100844,4.7
845,Albert Myers,8665394290,LIC100845,4.52
846,Andrea Wilson,7569226263,LIC100846,4.58
847,Sarah Jackson,9347780817,LIC100847,3.78
848,Brandon Lewis,7422563163,LIC100848,3.4
849,Adrian Knapp,7648076163,LIC100849,4.8
850,Mrs. Kristen Valencia,9728338042,LIC100850,3.32
851,Katie Moore,7424987986,LIC100851,4.11
852,Joshua Wang,7971418860,LIC100852,3.29
853,Tiffany Bonilla,8595278426,LIC100853,3.94
854,Juan Stein,8837446647,LIC100854,4.57
855,Judith Graham,8436050207,LIC100855,4.45
856,Ryan Black,7319964352,LIC100856,3.41
857,David Arnold,7932057936,LIC100857,4.44
858,Lauren Atkinson,7017508990,LIC100858,4.94
859,Howard Johnson,7318834919,LIC100859,4.12
860,Bryan Watson,8104485823,LIC100860,3.62
861,Robert Anderson,9251013132,LIC100861,3.71
862,Tammy Drake,8047177330,LIC100862,3.44
863,Michael Nolan,8908302082,LIC100863,3.4
864,Rachel Campos,8718333488,LIC100864,3.1
865,Jennifer Hogan,8607344748,LIC100865,3.94
866,April Mullen,9895276620,LIC100866,4.88
867,Brittany Cooke,8717602791,LIC100867,4.23
868,Tristan York,7300182126,LIC100868,4.4
869,Christine Stewart,8053920682,LIC100869,4.51
870,Willie Ortiz,7483211188,LIC100870,4.38
871,Jessica Reynolds,9837999914,LIC100871,4.53
872,Patricia Willis,7068024037,LIC100872,4.8
873,Michael Ritter,7622508421,LIC100873,4.9
874,Donna Edwards,7999712239,LIC100874,4.97
875,Jonathan Williams,7739916085,LIC100875,3.14
876,Angela Morris,9599760424,LIC100876,3.8
877,Carmen Fleming,9403089445,LIC100877,3.69
878,Tiffany Caldwell,7416044041,LIC100878,3.36
879,Christina Larsen,8948729145,LIC100879,4.46
880,Stephanie Lawrence,9412409036,LIC100880,3.18
881,Douglas Garcia,7622793948,LIC100881,3.58
882,Ashley Perez,7455573541,LIC100882,4.55
883,Deborah Munoz,7877178588,LIC100883,4.91
884,Victor Smith,9739969755,LIC100884,4.2
885,Tracy Andrews,9579469492,LIC100885,4.49
886,Michael Bailey,7747135890,LIC100886,3.07
887,Manuel Lopez,7940699003,LIC100887,3.75
888,Brian Fuentes,9220998570,LIC100888,3.25
889,Brian Scott,8101707407,LIC100889,3.13
890,Christopher Steele,9743027783,LIC100890,3.51
891,Latoya Roberts,8885665976,LIC100891,4.68
892,Jonathan Barajas,9699363089,LIC100892,4.28
893,Juan Norman,8577386798,LIC100893,4.48
894,Derek Nguyen,7589151727,LIC100894,4.91
895,Michael Rice,9018889306,LIC100895,3.06
896,Evan Torres MD,9915723399,LIC100896,4.02
897,Marc Hudson,7111801157,LIC100897,3.37
898,Clayton Davis,8337895189,LIC100898,3.81
899,Brett Thomas,8298463548,LIC100899,4.85
900,Michelle Moore,8819724616,LIC100900,4.26
901,Jamie Moore,9616033686,LIC100901,3.6
902,Angela Johnson,7054195336,LIC100902,3.48
903,Tamara Thompson,9049238645,LIC100903,4.03
904,Alexander Francis,9057181739,LIC100904,4.0
905,Abigail Kennedy,8104045304,LIC100905,3.97
906,Cathy Johnson,9073934202,LIC100906,4.57
907,Chelsea Reynolds,8860623202,LIC100907,4.9
908,Kenneth Vazquez,8403861155,LIC100908,4.01
909,Mr. Alan Tran,7861827869,LIC100909,3.59
910,Devin Garcia,7768084681,LIC100910,3.04
911,Sean Ray,7966262205,LIC100911,3.85
912,David Harvey,7761822801,LIC100912,4.22
913,Dr. Thomas Santiago II,9157323124,LIC100913,3.38
914,Nathaniel Owens,8625571710,LIC100914,4.35
915,Grant White,8125087692,LIC100915,3.06
916,Shelley Miller,7370996305,LIC100916,4.58
917,Karen Fernandez,7446854499,LIC100917,3.64
918,Jennifer Bell,9546524588,LIC100918,3.17
919,Joseph Taylor,8017288858,LIC100919,3.62
920,Christina Anderson,7428251776,LIC100920,4.39
921,Kathryn Marsh,7733027167,LIC100921,4.09
922,Rachael Baker,8497771922,LIC100922,3.35
923,Ashley Evans,7312441961,LIC100923,4.47
924,Rebecca Salinas,7968976094,LIC100924,4.62
925,Natalie Nelson,9561025876,LIC100925,4.49
926,Kimberly Williams,7474567646,LIC100926,3.01
927,Amanda James,8483533090,LIC100927,3.98
928,Karen Roberts,7703543436,LIC100928,4.19
929,Edwin Diaz,9782754993,LIC100929,4.08
930,Heather Holmes,7596453265,LIC100930,3.74
931,Karen Perez,9196633362,LIC100931,4.22
932,Tammy Wilson DDS,7526292371,LIC100932,4.33
933,Emily Coleman,9769679249,LIC100933,4.7
934,Erin Flores,8256556128,LIC100934,4.56
935,Mark Jones,9218064160,LIC100935,4.27
936,Jeremy Holmes,7391821357,LIC100936,4.69
937,James Larson,9143598066,LIC100937,3.92
938,Zachary Russell,7636641290,LIC100938,3.16
939,Tammie Murphy,7624655033,LIC100939,3.32
940,Erika Hayden,7478083539,LIC100940,4.33
941,Emily Gonzalez,8844597167,LIC100941,3.37
942,Regina Townsend,7547955898,LIC100942,4.14
943,Christopher Robertson,9727381483,LIC100943,3.72
944,Bruce Harrison,8566446524,LIC100944,3.91
945,Barbara Lee DDS,7275586997,LIC100945,3.11
946,Marvin Fernandez,9507729463,LIC100946,3.6
947,Joshua Crawford,9344873722,LIC100947,4.38
948,Johnny Cowan,9790998290,LIC100948,3.08
949,David Gonzales,9919540586,LIC100949,4.47
950,Ryan Velazquez,9746206545,LIC100950,3.95
951,Megan Solis,8982028485,LIC100951,4.92
952,Carly White,9112200475,LIC100952,4.94
953,Christina Hall,7838897813,LIC100953,3.15
954,Julie Schultz,7518244498,LIC100954,3.59
955,Jennifer Shaffer,7207844239,LIC100955,4.99
956,George Smith,8226011609,LIC100956,3.64
957,Christopher Ortiz,7243827046,LIC100957,4.3
958,Andrew Johnson,8327616151,LIC100958,4.17
959,Edward Hall,8500698544,LIC100959,4.0
960,Christine Tyler,8665964663,LIC100960,3.73
961,Charles Vargas,8971190871,LIC100961,4.46
962,Jose Mcbride,9785242944,LIC100962,4.94
963,Bethany Baldwin,7074813787,LIC100963,4.61
964,Gabriel Butler,8944486106,LIC100964,4.36
965,Adam Henson,7134505318,LIC100965,3.5
966,Shannon Harrison,8255199702,LIC100966,3.83
967,Natalie Greer,8963583218,LIC100967,4.56
968,Adam Ross,9237657902,LIC100968,4.25
969,Gerald Jones,8865888337,LIC100969,3.92
970,Laurie Weber,8969886221,LIC100970,4.33
971,Michael Castro,9427362927,LIC100971,3.2
972,James Adams,9222570242,LIC100972,3.35
973,Selena Brown,7500846221,LIC100973,4.43
974,Max Hudson,9416065894,LIC100974,3.33
975,Zachary Allen,7474206114,LIC100975,3.64
976,John Johnston,7861847032,LIC100976,3.42
977,Mary Taylor,9461468685,LIC100977,3.86
978,Mackenzie Duran,8427133799,LIC100978,4.47
979,Corey Hamilton,8396027735,LIC100979,3.21
980,Joe Ford,7473712828,LIC100980,4.08
981,Jamie Gray,9128910255,LIC100981,3.46
982,Raymond Perez,9287451551,LIC100982,4.92
983,Kelly Nguyen,9651394101,LIC100983,4.69
984,Natasha Acosta,9776103202,LIC100984,3.65
985,Brian West,9435153244,LIC100985,4.85
986,Deanna Blackburn DDS,7301575128,LIC100986,3.95
987,Denise Benton,8233665602,LIC100987,3.93
988,Austin Cameron,8499800538,LIC100988,3.09
989,Nathan Boone,7993942953,LIC100989,5.0
990,Sabrina Nicholson,7016668404,LIC100990,3.4
991,Jennifer Cowan,8999740173,LIC100991,4.58
992,Gloria Cooper,8543663042,LIC100992,4.4
993,Robert Rodriguez,8579011612,LIC100993,4.9
994,Zoe Anderson,8731907847,LIC100994,3.47
995,Ruben Jacobs,7477428904,LIC100995,4.52
996,Kenneth Roberts,8026844996,LIC100996,4.05
997,Kim Jacobs,9870493796,LIC100997,5.0
998,Samantha Williams,8740099632,LIC100998,3.19
999,Yvonne Warner,8090285294,LIC100999,3.14
1000,Sean Boyd,7016822616,LIC101000,4.98
